"","Survived","Pclass","Sex","Age","SibSp","Parch","Fare","Cabin","Embarked","prediction_mod","correct_prediction","prediction_mod_tuned","correct_prediction_tuned"
"1","0","3","male",22,1,0,7.25,"0","S","0","correct","0","correct"
"2","1","1","female",38,1,0,71.28,"1","C","1","correct","1","correct"
"3","1","3","female",26,0,0,7.92,"0","S","1","correct","1","correct"
"4","1","1","female",35,1,0,53.1,"1","S","1","correct","1","correct"
"5","0","3","male",35,0,0,8.05,"0","S","0","correct","0","correct"
"6","0","3","male",30.69,0,0,8.46,"0","Q","0","correct","0","correct"
"7","0","1","male",54,0,0,51.86,"1","S","0","correct","0","correct"
"8","0","3","male",2,3,1,21.08,"0","S","0","correct","0","correct"
"9","1","3","female",27,0,2,11.13,"0","S","1","correct","1","correct"
"10","1","2","female",14,1,0,30.07,"0","C","1","correct","1","correct"
"11","1","3","female",4,1,1,16.7,"1","S","1","correct","1","correct"
"12","1","1","female",58,0,0,26.55,"1","S","1","correct","1","correct"
"13","0","3","male",20,0,0,8.05,"0","S","0","correct","0","correct"
"14","0","3","male",39,1,5,31.27,"0","S","0","correct","0","correct"
"15","0","3","female",14,0,0,7.85,"0","S","1","incorrect","1","incorrect"
"16","1","2","female",55,0,0,16,"0","S","1","correct","1","correct"
"17","0","3","male",2,4,1,29.12,"0","Q","0","correct","0","correct"
"18","1","2","male",3.06,0,0,13,"0","S","0","incorrect","0","incorrect"
"19","0","3","female",31,1,0,18,"0","S","1","incorrect","1","incorrect"
"20","1","3","female",39.59,0,0,7.22,"0","C","1","correct","1","correct"
"21","0","2","male",35,0,0,26,"0","S","0","correct","0","correct"
"22","1","2","male",34,0,0,13,"1","S","0","incorrect","0","incorrect"
"23","1","3","female",15,0,0,8.03,"0","Q","1","correct","1","correct"
"24","1","1","male",28,0,0,35.5,"1","S","0","incorrect","1","correct"
"25","0","3","female",8,3,1,21.08,"0","S","1","incorrect","1","incorrect"
"26","1","3","female",38,1,5,31.39,"0","S","0","incorrect","1","correct"
"27","0","3","male",13.41,0,0,7.22,"0","C","0","correct","0","correct"
"28","0","1","male",19,3,2,263,"1","S","0","correct","0","correct"
"29","1","3","female",22.33,0,0,7.88,"0","Q","1","correct","1","correct"
"30","0","3","male",42.01,0,0,7.9,"0","S","0","correct","0","correct"
"31","0","1","male",40,0,0,27.72,"0","C","0","correct","1","incorrect"
"32","1","1","female",14.46,1,0,146.52,"1","C","1","correct","1","correct"
"33","1","3","female",45.9,0,0,7.75,"0","Q","1","correct","1","correct"
"34","0","2","male",66,0,0,10.5,"0","S","0","correct","0","correct"
"35","0","1","male",28,1,0,82.17,"0","C","1","incorrect","1","incorrect"
"36","0","1","male",42,1,0,52,"0","S","0","correct","0","correct"
"37","1","3","male",14.83,0,0,7.23,"0","C","0","incorrect","0","incorrect"
"38","0","3","male",21,0,0,8.05,"0","S","0","correct","0","correct"
"39","0","3","female",18,2,0,18,"0","S","1","incorrect","1","incorrect"
"40","1","3","female",14,1,0,11.24,"0","C","1","correct","1","correct"
"41","0","3","female",40,1,0,9.47,"0","S","0","correct","1","incorrect"
"42","0","2","female",27,1,0,21,"0","S","1","incorrect","1","incorrect"
"43","0","3","male",14.67,0,0,7.9,"0","C","0","correct","0","correct"
"44","1","2","female",3,1,2,41.58,"0","C","1","correct","1","correct"
"45","1","3","female",19,0,0,7.88,"0","Q","1","correct","1","correct"
"46","0","3","male",41.22,0,0,8.05,"0","S","0","correct","0","correct"
"47","0","3","male",28.37,1,0,15.5,"0","Q","0","correct","0","correct"
"48","1","3","female",36.46,0,0,7.75,"0","Q","1","correct","1","correct"
"49","0","3","male",6.19,2,0,21.68,"0","C","0","correct","0","correct"
"50","0","3","female",18,1,0,17.8,"0","S","1","incorrect","1","incorrect"
"51","0","3","male",7,4,1,39.69,"0","S","0","correct","0","correct"
"52","0","3","male",21,0,0,7.8,"0","S","0","correct","0","correct"
"53","1","1","female",49,1,0,76.73,"1","C","1","correct","1","correct"
"54","1","2","female",29,1,0,26,"0","S","1","correct","1","correct"
"55","0","1","male",65,0,1,61.98,"1","C","0","correct","0","correct"
"56","1","1","male",29.86,0,0,35.5,"1","S","0","incorrect","1","correct"
"57","1","2","female",21,0,0,10.5,"0","S","1","correct","1","correct"
"58","0","3","male",28.5,0,0,7.23,"0","C","0","correct","0","correct"
"59","1","2","female",5,1,2,27.75,"0","S","1","correct","1","correct"
"60","0","3","male",11,5,2,46.9,"0","S","0","correct","0","correct"
"61","0","3","male",22,0,0,7.23,"0","C","0","correct","0","correct"
"62","1","1","female",38,0,0,80,"1","S","1","correct","1","correct"
"63","0","1","male",45,1,0,83.47,"1","S","0","correct","0","correct"
"64","0","3","male",4,3,2,27.9,"0","S","0","correct","0","correct"
"65","0","1","male",24.44,0,0,27.72,"0","C","1","incorrect","1","incorrect"
"66","1","3","male",31.83,1,1,15.25,"0","C","0","incorrect","0","incorrect"
"67","1","2","female",29,0,0,10.5,"1","S","1","correct","1","correct"
"68","0","3","male",19,0,0,8.16,"0","S","0","correct","0","correct"
"69","1","3","female",17,4,2,7.92,"0","S","0","incorrect","0","incorrect"
"70","0","3","male",26,2,0,8.66,"0","S","0","correct","0","correct"
"71","0","2","male",32,0,0,10.5,"0","S","0","correct","0","correct"
"72","0","3","female",16,5,2,46.9,"0","S","0","correct","0","correct"
"73","0","2","male",21,0,0,73.5,"0","S","0","correct","0","correct"
"74","0","3","male",26,1,0,14.45,"0","C","0","correct","0","correct"
"75","1","3","male",32,0,0,56.5,"0","S","0","incorrect","0","incorrect"
"76","0","3","male",25,0,0,7.65,"1","S","0","correct","0","correct"
"77","0","3","male",56.67,0,0,7.9,"0","S","0","correct","0","correct"
"78","0","3","male",34.58,0,0,8.05,"0","S","0","correct","0","correct"
"79","1","2","male",0.83,0,2,29,"0","S","0","incorrect","1","correct"
"80","1","3","female",30,0,0,12.47,"0","S","1","correct","1","correct"
"81","0","3","male",22,0,0,9,"0","S","0","correct","0","correct"
"82","1","3","male",29,0,0,9.5,"0","S","0","incorrect","0","incorrect"
"83","1","3","female",30.66,0,0,7.79,"0","Q","1","correct","1","correct"
"84","0","1","male",28,0,0,47.1,"0","S","0","correct","1","incorrect"
"85","1","2","female",17,0,0,10.5,"0","S","1","correct","1","correct"
"86","1","3","female",33,3,0,15.85,"0","S","0","incorrect","0","incorrect"
"87","0","3","male",16,1,3,34.38,"0","S","0","correct","0","correct"
"88","0","3","male",21.35,0,0,8.05,"0","S","0","correct","0","correct"
"89","1","1","female",23,3,2,263,"1","S","1","correct","1","correct"
"90","0","3","male",24,0,0,8.05,"0","S","0","correct","0","correct"
"91","0","3","male",29,0,0,8.05,"0","S","0","correct","0","correct"
"92","0","3","male",20,0,0,7.85,"0","S","0","correct","0","correct"
"93","0","1","male",46,1,0,61.17,"1","S","0","correct","0","correct"
"94","0","3","male",26,1,2,20.58,"0","S","0","correct","0","correct"
"95","0","3","male",59,0,0,7.25,"0","S","0","correct","0","correct"
"96","0","3","male",29.73,0,0,8.05,"0","S","0","correct","0","correct"
"97","0","1","male",71,0,0,34.65,"1","C","0","correct","0","correct"
"98","1","1","male",23,0,1,63.36,"1","C","1","correct","1","correct"
"99","1","2","female",34,0,1,23,"0","S","1","correct","1","correct"
"100","0","2","male",34,1,0,26,"0","S","0","correct","0","correct"
"101","0","3","female",28,0,0,7.9,"0","S","1","incorrect","1","incorrect"
"102","0","3","male",30.86,0,0,7.9,"0","S","0","correct","0","correct"
"103","0","1","male",21,0,1,77.29,"1","S","1","incorrect","1","incorrect"
"104","0","3","male",33,0,0,8.65,"0","S","0","correct","0","correct"
"105","0","3","male",37,2,0,7.92,"0","S","0","correct","0","correct"
"106","0","3","male",28,0,0,7.9,"0","S","0","correct","0","correct"
"107","1","3","female",21,0,0,7.65,"0","S","1","correct","1","correct"
"108","1","3","male",38.13,0,0,7.78,"0","S","0","incorrect","0","incorrect"
"109","0","3","male",38,0,0,7.9,"0","S","0","correct","0","correct"
"110","1","3","female",39.7,1,0,24.15,"0","Q","1","correct","1","correct"
"111","0","1","male",47,0,0,52,"1","S","0","correct","0","correct"
"112","0","3","female",14.5,1,0,14.45,"0","C","1","incorrect","1","incorrect"
"113","0","3","male",22,0,0,8.05,"0","S","0","correct","0","correct"
"114","0","3","female",20,1,0,9.82,"0","S","1","incorrect","1","incorrect"
"115","0","3","female",17,0,0,14.46,"0","C","1","incorrect","1","incorrect"
"116","0","3","male",21,0,0,7.92,"0","S","0","correct","0","correct"
"117","0","3","male",70.5,0,0,7.75,"0","Q","0","correct","0","correct"
"118","0","2","male",29,1,0,21,"0","S","0","correct","0","correct"
"119","0","1","male",24,0,1,247.52,"1","C","1","incorrect","1","incorrect"
"120","0","3","female",2,4,2,31.27,"0","S","0","correct","1","incorrect"
"121","0","2","male",21,2,0,73.5,"0","S","0","correct","0","correct"
"122","0","3","male",38.65,0,0,8.05,"0","S","0","correct","0","correct"
"123","0","2","male",32.5,1,0,30.07,"0","C","0","correct","0","correct"
"124","1","2","female",32.5,0,0,13,"1","S","1","correct","1","correct"
"125","0","1","male",54,0,1,77.29,"1","S","0","correct","0","correct"
"126","1","3","male",12,1,0,11.24,"0","C","0","incorrect","0","incorrect"
"127","0","3","male",18.94,0,0,7.75,"0","Q","0","correct","0","correct"
"128","1","3","male",24,0,0,7.14,"0","S","0","incorrect","0","incorrect"
"129","1","3","female",44.34,1,1,22.36,"1","C","1","correct","1","correct"
"130","0","3","male",45,0,0,6.97,"0","S","0","correct","0","correct"
"131","0","3","male",33,0,0,7.9,"0","C","0","correct","0","correct"
"132","0","3","male",20,0,0,7.05,"0","S","0","correct","0","correct"
"133","0","3","female",47,1,0,14.5,"0","S","0","correct","0","correct"
"134","1","2","female",29,1,0,26,"0","S","1","correct","1","correct"
"135","0","2","male",25,0,0,13,"0","S","0","correct","0","correct"
"136","0","2","male",23,0,0,15.05,"0","C","0","correct","0","correct"
"137","1","1","female",19,0,2,26.28,"1","S","1","correct","1","correct"
"138","0","1","male",37,1,0,53.1,"1","S","0","correct","0","correct"
"139","0","3","male",16,0,0,9.22,"0","S","0","correct","0","correct"
"140","0","1","male",24,0,0,79.2,"1","C","1","incorrect","1","incorrect"
"141","0","3","female",12.86,0,2,15.25,"0","C","1","incorrect","1","incorrect"
"142","1","3","female",22,0,0,7.75,"0","S","1","correct","1","correct"
"143","1","3","female",24,1,0,15.85,"0","S","1","correct","1","correct"
"144","0","3","male",19,0,0,6.75,"0","Q","0","correct","0","correct"
"145","0","2","male",18,0,0,11.5,"0","S","0","correct","0","correct"
"146","0","2","male",19,1,1,36.75,"0","S","0","correct","0","correct"
"147","1","3","male",27,0,0,7.8,"0","S","0","incorrect","0","incorrect"
"148","0","3","female",9,2,2,34.38,"0","S","1","incorrect","1","incorrect"
"149","0","2","male",36.5,0,2,26,"1","S","0","correct","0","correct"
"150","0","2","male",42,0,0,13,"0","S","0","correct","0","correct"
"151","0","2","male",51,0,0,12.53,"0","S","0","correct","0","correct"
"152","1","1","female",22,1,0,66.6,"1","S","1","correct","1","correct"
"153","0","3","male",55.5,0,0,8.05,"0","S","0","correct","0","correct"
"154","0","3","male",40.5,0,2,14.5,"0","S","0","correct","0","correct"
"155","0","3","male",35.6,0,0,7.31,"0","S","0","correct","0","correct"
"156","0","1","male",51,0,1,61.38,"0","C","0","correct","1","incorrect"
"157","1","3","female",16,0,0,7.73,"0","Q","1","correct","1","correct"
"158","0","3","male",30,0,0,8.05,"0","S","0","correct","0","correct"
"159","0","3","male",23.61,0,0,8.66,"0","S","0","correct","0","correct"
"160","0","3","male",34.48,8,2,69.55,"0","S","0","correct","0","correct"
"161","0","3","male",44,0,1,16.1,"0","S","0","correct","0","correct"
"162","1","2","female",40,0,0,15.75,"0","S","1","correct","1","correct"
"163","0","3","male",26,0,0,7.78,"0","S","0","correct","0","correct"
"164","0","3","male",17,0,0,8.66,"0","S","0","correct","0","correct"
"165","0","3","male",1,4,1,39.69,"0","S","0","correct","0","correct"
"166","1","3","male",9,0,2,20.52,"0","S","0","incorrect","0","incorrect"
"167","1","1","female",36.83,0,1,55,"1","S","1","correct","1","correct"
"168","0","3","female",45,1,4,27.9,"0","S","0","correct","1","incorrect"
"169","0","1","male",27.15,0,0,25.92,"0","S","0","correct","1","incorrect"
"170","0","3","male",28,0,0,56.5,"0","S","0","correct","0","correct"
"171","0","1","male",61,0,0,33.5,"1","S","0","correct","0","correct"
"172","0","3","male",4,4,1,29.12,"0","Q","0","correct","0","correct"
"173","1","3","female",1,1,1,11.13,"0","S","1","correct","1","correct"
"174","0","3","male",21,0,0,7.92,"0","S","0","correct","0","correct"
"175","0","1","male",56,0,0,30.7,"1","C","0","correct","0","correct"
"176","0","3","male",18,1,1,7.85,"0","S","0","correct","0","correct"
"177","0","3","male",25.27,3,1,25.47,"0","S","0","correct","0","correct"
"178","0","1","female",50,0,0,28.71,"1","C","1","incorrect","1","incorrect"
"179","0","2","male",30,0,0,13,"0","S","0","correct","0","correct"
"180","0","3","male",36,0,0,0,"0","S","0","correct","0","correct"
"181","0","3","female",14.34,8,2,69.55,"0","S","0","correct","0","correct"
"182","0","2","male",41.87,0,0,15.05,"0","C","0","correct","0","correct"
"183","0","3","male",9,4,2,31.39,"0","S","0","correct","0","correct"
"184","1","2","male",1,2,1,39,"1","S","0","incorrect","0","incorrect"
"185","1","3","female",4,0,2,22.02,"0","S","1","correct","1","correct"
"186","0","1","male",18.84,0,0,50,"1","S","1","incorrect","1","incorrect"
"187","1","3","female",28.94,1,0,15.5,"0","Q","1","correct","1","correct"
"188","1","1","male",45,0,0,26.55,"0","S","0","incorrect","0","incorrect"
"189","0","3","male",40,1,1,15.5,"0","Q","0","correct","0","correct"
"190","0","3","male",36,0,0,7.9,"0","S","0","correct","0","correct"
"191","1","2","female",32,0,0,13,"0","S","1","correct","1","correct"
"192","0","2","male",19,0,0,13,"0","S","0","correct","0","correct"
"193","1","3","female",19,1,0,7.85,"0","S","1","correct","1","correct"
"194","1","2","male",3,1,1,26,"1","S","0","incorrect","0","incorrect"
"195","1","1","female",44,0,0,27.72,"1","C","1","correct","1","correct"
"196","1","1","female",58,0,0,146.52,"1","C","1","correct","1","correct"
"197","0","3","male",39.59,0,0,7.75,"0","Q","0","correct","0","correct"
"198","0","3","male",42,0,1,8.4,"0","S","0","correct","0","correct"
"199","1","3","female",21.72,0,0,7.75,"0","Q","1","correct","1","correct"
"200","0","2","female",24,0,0,13,"0","S","1","incorrect","1","incorrect"
"201","0","3","male",28,0,0,9.5,"0","S","0","correct","0","correct"
"202","0","3","male",43.01,8,2,69.55,"0","S","0","correct","0","correct"
"203","0","3","male",34,0,0,6.5,"0","S","0","correct","0","correct"
"204","0","3","male",45.5,0,0,7.22,"0","C","0","correct","0","correct"
"205","1","3","male",18,0,0,8.05,"0","S","0","incorrect","0","incorrect"
"206","0","3","female",2,0,1,10.46,"1","S","1","incorrect","1","incorrect"
"207","0","3","male",32,1,0,15.85,"0","S","0","correct","0","correct"
"208","1","3","male",26,0,0,18.79,"0","C","0","incorrect","0","incorrect"
"209","1","3","female",16,0,0,7.75,"0","Q","1","correct","1","correct"
"210","1","1","male",40,0,0,31,"1","C","0","incorrect","1","correct"
"211","0","3","male",24,0,0,7.05,"0","S","0","correct","0","correct"
"212","1","2","female",35,0,0,21,"0","S","1","correct","1","correct"
"213","0","3","male",22,0,0,7.25,"0","S","0","correct","0","correct"
"214","0","2","male",30,0,0,13,"0","S","0","correct","0","correct"
"215","0","3","male",29.34,1,0,7.75,"0","Q","0","correct","0","correct"
"216","1","1","female",31,1,0,113.28,"1","C","1","correct","1","correct"
"217","1","3","female",27,0,0,7.92,"0","S","1","correct","1","correct"
"218","0","2","male",42,1,0,27,"0","S","0","correct","0","correct"
"219","1","1","female",32,0,0,76.29,"1","C","1","correct","1","correct"
"220","0","2","male",30,0,0,10.5,"0","S","0","correct","0","correct"
"221","1","3","male",16,0,0,8.05,"0","S","0","incorrect","0","incorrect"
"222","0","2","male",27,0,0,13,"0","S","0","correct","0","correct"
"223","0","3","male",51,0,0,8.05,"0","S","0","correct","0","correct"
"224","0","3","male",28.37,0,0,7.9,"0","S","0","correct","0","correct"
"225","1","1","male",38,1,0,90,"1","S","0","incorrect","0","incorrect"
"226","0","3","male",22,0,0,9.35,"0","S","0","correct","0","correct"
"227","1","2","male",19,0,0,10.5,"0","S","0","incorrect","0","incorrect"
"228","0","3","male",20.5,0,0,7.25,"0","S","0","correct","0","correct"
"229","0","2","male",18,0,0,13,"0","S","0","correct","0","correct"
"230","0","3","female",13.8,3,1,25.47,"0","S","0","correct","1","incorrect"
"231","1","1","female",35,1,0,83.47,"1","S","1","correct","1","correct"
"232","0","3","male",29,0,0,7.78,"0","S","0","correct","0","correct"
"233","0","2","male",59,0,0,13.5,"0","S","0","correct","0","correct"
"234","1","3","female",5,4,2,31.39,"0","S","0","incorrect","1","correct"
"235","0","2","male",24,0,0,10.5,"0","S","0","correct","0","correct"
"236","0","3","female",16.57,0,0,7.55,"0","S","1","incorrect","1","incorrect"
"237","0","2","male",44,1,0,26,"0","S","0","correct","0","correct"
"238","1","2","female",8,0,2,26.25,"0","S","1","correct","1","correct"
"239","0","2","male",19,0,0,10.5,"0","S","0","correct","0","correct"
"240","0","2","male",33,0,0,12.28,"0","S","0","correct","0","correct"
"241","0","3","female",19.47,1,0,14.45,"0","C","1","incorrect","1","incorrect"
"242","1","3","female",24.44,1,0,15.5,"0","Q","1","correct","1","correct"
"243","0","2","male",29,0,0,10.5,"0","S","0","correct","0","correct"
"244","0","3","male",22,0,0,7.12,"0","S","0","correct","0","correct"
"245","0","3","male",30,0,0,7.22,"0","C","0","correct","0","correct"
"246","0","1","male",44,2,0,90,"1","Q","0","correct","0","correct"
"247","0","3","female",25,0,0,7.78,"0","S","1","incorrect","1","incorrect"
"248","1","2","female",24,0,2,14.5,"0","S","1","correct","1","correct"
"249","1","1","male",37,1,1,52.55,"1","S","0","incorrect","0","incorrect"
"250","0","2","male",54,1,0,26,"0","S","0","correct","0","correct"
"251","0","3","male",22.43,0,0,7.25,"0","S","0","correct","0","correct"
"252","0","3","female",29,1,1,10.46,"1","S","1","incorrect","1","incorrect"
"253","0","1","male",62,0,0,26.55,"1","S","0","correct","0","correct"
"254","0","3","male",30,1,0,16.1,"0","S","0","correct","0","correct"
"255","0","3","female",41,0,2,20.21,"0","S","1","incorrect","1","incorrect"
"256","1","3","female",29,0,2,15.25,"0","C","1","correct","1","correct"
"257","1","1","female",46.52,0,0,79.2,"0","C","1","correct","1","correct"
"258","1","1","female",30,0,0,86.5,"1","S","1","correct","1","correct"
"259","1","1","female",35,0,0,512.33,"0","C","1","correct","1","correct"
"260","1","2","female",50,0,1,26,"0","S","1","correct","1","correct"
"261","0","3","male",34.11,0,0,7.75,"0","Q","0","correct","0","correct"
"262","1","3","male",3,4,2,31.39,"0","S","0","incorrect","0","incorrect"
"263","0","1","male",52,1,1,79.65,"1","S","0","correct","0","correct"
"264","0","1","male",40,0,0,0,"1","S","0","correct","0","correct"
"265","0","3","female",21.35,0,0,7.75,"0","Q","1","incorrect","1","incorrect"
"266","0","2","male",36,0,0,10.5,"0","S","0","correct","0","correct"
"267","0","3","male",16,4,1,39.69,"0","S","0","correct","0","correct"
"268","1","3","male",25,1,0,7.78,"0","S","0","incorrect","0","incorrect"
"269","1","1","female",58,0,1,153.46,"1","S","1","correct","1","correct"
"270","1","1","female",35,0,0,135.63,"1","S","1","correct","1","correct"
"271","0","1","male",12.21,0,0,31,"0","S","1","incorrect","1","incorrect"
"272","1","3","male",25,0,0,0,"0","S","0","incorrect","0","incorrect"
"273","1","2","female",41,0,1,19.5,"0","S","1","correct","1","correct"
"274","0","1","male",37,0,1,29.7,"1","C","1","incorrect","1","incorrect"
"275","1","3","female",28.93,0,0,7.75,"0","Q","1","correct","1","correct"
"276","1","1","female",63,1,0,77.96,"1","S","1","correct","1","correct"
"277","0","3","female",45,0,0,7.75,"0","S","0","correct","1","incorrect"
"278","0","2","male",31.79,0,0,0,"0","S","0","correct","0","correct"
"279","0","3","male",7,4,1,29.12,"0","Q","0","correct","0","correct"
"280","1","3","female",35,1,1,20.25,"0","S","0","incorrect","1","correct"
"281","0","3","male",65,0,0,7.75,"0","Q","0","correct","0","correct"
"282","0","3","male",28,0,0,7.85,"0","S","0","correct","0","correct"
"283","0","3","male",16,0,0,9.5,"0","S","0","correct","0","correct"
"284","1","3","male",19,0,0,8.05,"0","S","0","incorrect","0","incorrect"
"285","0","1","male",38.13,0,0,26,"1","S","0","correct","0","correct"
"286","0","3","male",33,0,0,8.66,"0","C","0","correct","0","correct"
"287","1","3","male",30,0,0,9.5,"0","S","0","incorrect","0","incorrect"
"288","0","3","male",22,0,0,7.9,"0","S","0","correct","0","correct"
"289","1","2","male",42,0,0,13,"0","S","0","incorrect","0","incorrect"
"290","1","3","female",22,0,0,7.75,"0","Q","1","correct","1","correct"
"291","1","1","female",26,0,0,78.85,"0","S","1","correct","1","correct"
"292","1","1","female",19,1,0,91.08,"1","C","1","correct","1","correct"
"293","0","2","male",36,0,0,12.88,"1","C","0","correct","0","correct"
"294","0","3","female",24,0,0,8.85,"0","S","1","incorrect","1","incorrect"
"295","0","3","male",24,0,0,7.9,"0","S","0","correct","0","correct"
"296","0","1","male",45.84,0,0,27.72,"0","C","0","correct","1","incorrect"
"297","0","3","male",23.5,0,0,7.23,"0","C","0","correct","0","correct"
"298","0","1","female",2,1,2,151.55,"1","S","1","incorrect","1","incorrect"
"299","1","1","male",38.65,0,0,30.5,"1","S","0","incorrect","0","incorrect"
"300","1","1","female",50,0,1,247.52,"1","C","1","correct","1","correct"
"301","1","3","female",39.85,0,0,7.75,"0","Q","1","correct","1","correct"
"302","1","3","male",28.27,2,0,23.25,"0","Q","0","incorrect","0","incorrect"
"303","0","3","male",19,0,0,0,"0","S","0","correct","0","correct"
"304","1","2","female",18.94,0,0,12.35,"1","Q","1","correct","1","correct"
"305","0","3","male",24.55,0,0,8.05,"0","S","0","correct","0","correct"
"306","1","1","male",0.92,1,2,151.55,"1","S","1","correct","1","correct"
"307","1","1","female",43.76,0,0,110.88,"0","C","1","correct","1","correct"
"308","1","1","female",17,1,0,108.9,"1","C","1","correct","1","correct"
"309","0","2","male",30,1,0,24,"0","C","0","correct","0","correct"
"310","1","1","female",30,0,0,56.93,"1","C","1","correct","1","correct"
"311","1","1","female",24,0,0,83.16,"1","C","1","correct","1","correct"
"312","1","1","female",18,2,2,262.38,"1","C","1","correct","1","correct"
"313","0","2","female",26,1,1,26,"0","S","1","incorrect","1","incorrect"
"314","0","3","male",28,0,0,7.9,"0","S","0","correct","0","correct"
"315","0","2","male",43,1,1,26.25,"0","S","0","correct","0","correct"
"316","1","3","female",26,0,0,7.85,"0","S","1","correct","1","correct"
"317","1","2","female",24,1,0,26,"0","S","1","correct","1","correct"
"318","0","2","male",54,0,0,14,"0","S","0","correct","0","correct"
"319","1","1","female",31,0,2,164.87,"1","S","1","correct","1","correct"
"320","1","1","female",40,1,1,134.5,"1","C","1","correct","1","correct"
"321","0","3","male",22,0,0,7.25,"0","S","0","correct","0","correct"
"322","0","3","male",27,0,0,7.9,"0","S","0","correct","0","correct"
"323","1","2","female",30,0,0,12.35,"0","Q","1","correct","1","correct"
"324","1","2","female",22,1,1,29,"0","S","1","correct","1","correct"
"325","0","3","male",49.48,8,2,69.55,"0","S","0","correct","0","correct"
"326","1","1","female",36,0,0,135.63,"1","C","1","correct","1","correct"
"327","0","3","male",61,0,0,6.24,"0","S","0","correct","0","correct"
"328","1","2","female",36,0,0,13,"1","S","1","correct","1","correct"
"329","1","3","female",31,1,1,20.52,"0","S","1","correct","1","correct"
"330","1","1","female",16,0,1,57.98,"1","C","1","correct","1","correct"
"331","1","3","female",57.38,2,0,23.25,"0","Q","0","incorrect","0","incorrect"
"332","0","1","male",45.5,0,0,28.5,"1","S","0","correct","0","correct"
"333","0","1","male",38,0,1,153.46,"1","S","0","correct","0","correct"
"334","0","3","male",16,2,0,18,"0","S","0","correct","0","correct"
"335","1","1","female",34.6,1,0,133.65,"0","S","1","correct","1","correct"
"336","0","3","male",23.61,0,0,7.9,"0","S","0","correct","0","correct"
"337","0","1","male",29,1,0,66.6,"1","S","0","correct","0","correct"
"338","1","1","female",41,0,0,134.5,"1","C","1","correct","1","correct"
"339","1","3","male",45,0,0,8.05,"0","S","0","incorrect","0","incorrect"
"340","0","1","male",45,0,0,35.5,"1","S","0","correct","0","correct"
"341","1","2","male",2,1,1,26,"1","S","0","incorrect","0","incorrect"
"342","1","1","female",24,3,2,263,"1","S","1","correct","1","correct"
"343","0","2","male",28,0,0,13,"0","S","0","correct","0","correct"
"344","0","2","male",25,0,0,13,"0","S","0","correct","0","correct"
"345","0","2","male",36,0,0,13,"0","S","0","correct","0","correct"
"346","1","2","female",24,0,0,13,"1","S","1","correct","1","correct"
"347","1","2","female",40,0,0,13,"0","S","1","correct","1","correct"
"348","1","3","female",20.91,1,0,16.1,"0","S","1","correct","1","correct"
"349","1","3","male",3,1,1,15.9,"0","S","0","incorrect","0","incorrect"
"350","0","3","male",42,0,0,8.66,"0","S","0","correct","0","correct"
"351","0","3","male",23,0,0,9.22,"0","S","0","correct","0","correct"
"352","0","1","male",19.7,0,0,35,"1","S","1","incorrect","1","incorrect"
"353","0","3","male",15,1,1,7.23,"0","C","0","correct","0","correct"
"354","0","3","male",25,1,0,17.8,"0","S","0","correct","0","correct"
"355","0","3","male",3.12,0,0,7.22,"0","C","0","correct","0","correct"
"356","0","3","male",28,0,0,9.5,"0","S","0","correct","0","correct"
"357","1","1","female",22,0,1,55,"1","S","1","correct","1","correct"
"358","0","2","female",38,0,0,13,"0","S","1","incorrect","1","incorrect"
"359","1","3","female",41.87,0,0,7.88,"0","Q","1","correct","1","correct"
"360","1","3","female",30.69,0,0,7.88,"0","Q","1","correct","1","correct"
"361","0","3","male",40,1,4,27.9,"0","S","0","correct","0","correct"
"362","0","2","male",29,1,0,27.72,"0","C","0","correct","0","correct"
"363","0","3","female",45,0,1,14.45,"0","C","1","incorrect","1","incorrect"
"364","0","3","male",35,0,0,7.05,"0","S","0","correct","0","correct"
"365","0","3","male",47.33,1,0,15.5,"0","Q","0","correct","0","correct"
"366","0","3","male",30,0,0,7.25,"0","S","0","correct","0","correct"
"367","1","1","female",60,1,0,75.25,"1","C","1","correct","1","correct"
"368","1","3","female",21.3,0,0,7.23,"0","C","1","correct","1","correct"
"369","1","3","female",26.2,0,0,7.75,"0","Q","1","correct","1","correct"
"370","1","1","female",24,0,0,69.3,"1","C","1","correct","1","correct"
"371","1","1","male",25,1,0,55.44,"1","C","1","correct","1","correct"
"372","0","3","male",18,1,0,6.5,"0","S","0","correct","0","correct"
"373","0","3","male",19,0,0,8.05,"0","S","0","correct","0","correct"
"374","0","1","male",22,0,0,135.63,"0","C","1","incorrect","1","incorrect"
"375","0","3","female",3,3,1,21.08,"0","S","1","incorrect","1","incorrect"
"376","1","1","female",21.72,1,0,82.17,"0","C","1","correct","1","correct"
"377","1","3","female",22,0,0,7.25,"0","S","1","correct","1","correct"
"378","0","1","male",27,0,2,211.5,"1","C","1","incorrect","1","incorrect"
"379","0","3","male",20,0,0,4.01,"0","C","0","correct","0","correct"
"380","0","3","male",19,0,0,7.78,"0","S","0","correct","0","correct"
"381","1","1","female",42,0,0,227.52,"0","C","1","correct","1","correct"
"382","1","3","female",1,0,2,15.74,"0","C","1","correct","1","correct"
"383","0","3","male",32,0,0,7.92,"0","S","0","correct","0","correct"
"384","1","1","female",35,1,0,52,"0","S","1","correct","1","correct"
"385","0","3","male",53.4,0,0,7.9,"0","S","0","correct","0","correct"
"386","0","2","male",18,0,0,73.5,"0","S","0","correct","0","correct"
"387","0","3","male",1,5,2,46.9,"0","S","0","correct","0","correct"
"388","1","2","female",36,0,0,13,"0","S","1","correct","1","correct"
"389","0","3","male",44.29,0,0,7.73,"0","Q","0","correct","0","correct"
"390","1","2","female",17,0,0,12,"0","C","1","correct","1","correct"
"391","1","1","male",36,1,2,120,"1","S","0","incorrect","0","incorrect"
"392","1","3","male",21,0,0,7.8,"0","S","0","incorrect","0","incorrect"
"393","0","3","male",28,2,0,7.92,"0","S","0","correct","0","correct"
"394","1","1","female",23,1,0,113.28,"1","C","1","correct","1","correct"
"395","1","3","female",24,0,2,16.7,"1","S","1","correct","1","correct"
"396","0","3","male",22,0,0,7.8,"0","S","0","correct","0","correct"
"397","0","3","female",31,0,0,7.85,"0","S","1","incorrect","1","incorrect"
"398","0","2","male",46,0,0,26,"0","S","0","correct","0","correct"
"399","0","2","male",23,0,0,10.5,"0","S","0","correct","0","correct"
"400","1","2","female",28,0,0,12.65,"0","S","1","correct","1","correct"
"401","1","3","male",39,0,0,7.92,"0","S","0","incorrect","0","incorrect"
"402","0","3","male",26,0,0,8.05,"0","S","0","correct","0","correct"
"403","0","3","female",21,1,0,9.82,"0","S","1","incorrect","1","incorrect"
"404","0","3","male",28,1,0,15.85,"0","S","0","correct","0","correct"
"405","0","3","female",20,0,0,8.66,"0","S","1","incorrect","1","incorrect"
"406","0","2","male",34,1,0,21,"0","S","0","correct","0","correct"
"407","0","3","male",51,0,0,7.75,"0","S","0","correct","0","correct"
"408","1","2","male",3,1,1,18.75,"0","S","0","incorrect","0","incorrect"
"409","0","3","male",21,0,0,7.78,"0","S","0","correct","0","correct"
"410","0","3","female",29.86,3,1,25.47,"0","S","0","correct","0","correct"
"411","0","3","male",48.39,0,0,7.9,"0","S","0","correct","0","correct"
"412","0","3","male",45.92,0,0,6.86,"0","Q","0","correct","0","correct"
"413","1","1","female",33,1,0,90,"1","Q","1","correct","1","correct"
"414","0","2","male",16.83,0,0,0,"0","S","0","correct","0","correct"
"415","1","3","male",44,0,0,7.92,"0","S","0","incorrect","0","incorrect"
"416","0","3","female",29.06,0,0,8.05,"0","S","1","incorrect","1","incorrect"
"417","1","2","female",34,1,1,32.5,"0","S","1","correct","1","correct"
"418","1","2","female",18,0,2,13,"0","S","1","correct","1","correct"
"419","0","2","male",30,0,0,13,"0","S","0","correct","0","correct"
"420","0","3","female",10,0,2,24.15,"0","S","1","incorrect","1","incorrect"
"421","0","3","male",46.37,0,0,7.9,"0","C","0","correct","0","correct"
"422","0","3","male",21,0,0,7.73,"0","Q","0","correct","0","correct"
"423","0","3","male",29,0,0,7.88,"0","S","0","correct","0","correct"
"424","0","3","female",28,1,1,14.4,"0","S","1","incorrect","1","incorrect"
"425","0","3","male",18,1,1,20.21,"0","S","0","correct","0","correct"
"426","0","3","male",25.19,0,0,7.25,"0","S","0","correct","0","correct"
"427","1","2","female",28,1,0,26,"0","S","1","correct","1","correct"
"428","1","2","female",19,0,0,26,"0","S","1","correct","1","correct"
"429","0","3","male",42.84,0,0,7.75,"0","Q","0","correct","0","correct"
"430","1","3","male",32,0,0,8.05,"1","S","0","incorrect","0","incorrect"
"431","1","1","male",28,0,0,26.55,"1","S","0","incorrect","1","correct"
"432","1","3","female",34.58,1,0,16.1,"0","S","0","incorrect","1","correct"
"433","1","2","female",42,1,0,26,"0","S","1","correct","1","correct"
"434","0","3","male",17,0,0,7.12,"0","S","0","correct","0","correct"
"435","0","1","male",50,1,0,55.9,"1","S","0","correct","0","correct"
"436","1","1","female",14,1,2,120,"1","S","1","correct","1","correct"
"437","0","3","female",21,2,2,34.38,"0","S","0","correct","1","incorrect"
"438","1","2","female",24,2,3,18.75,"0","S","1","correct","1","correct"
"439","0","1","male",64,1,4,263,"1","S","0","correct","0","correct"
"440","0","2","male",31,0,0,10.5,"0","S","0","correct","0","correct"
"441","1","2","female",45,1,1,26.25,"0","S","1","correct","1","correct"
"442","0","3","male",20,0,0,9.5,"0","S","0","correct","0","correct"
"443","0","3","male",25,1,0,7.78,"0","S","0","correct","0","correct"
"444","1","2","female",28,0,0,13,"0","S","1","correct","1","correct"
"445","1","3","male",21.24,0,0,8.11,"0","S","0","incorrect","0","incorrect"
"446","1","1","male",4,0,2,81.86,"1","S","1","correct","1","correct"
"447","1","2","female",13,0,1,19.5,"0","S","1","correct","1","correct"
"448","1","1","male",34,0,0,26.55,"0","S","0","incorrect","1","correct"
"449","1","3","female",5,2,1,19.26,"0","C","1","correct","1","correct"
"450","1","1","male",52,0,0,30.5,"1","S","0","incorrect","0","incorrect"
"451","0","2","male",36,1,2,27.75,"0","S","0","correct","0","correct"
"452","0","3","male",28.93,1,0,19.97,"0","S","0","correct","0","correct"
"453","0","1","male",30,0,0,27.75,"1","C","1","incorrect","1","incorrect"
"454","1","1","male",49,1,0,89.1,"1","C","0","incorrect","0","incorrect"
"455","0","3","male",31.79,0,0,8.05,"0","S","0","correct","0","correct"
"456","1","3","male",29,0,0,7.9,"0","C","0","incorrect","0","incorrect"
"457","0","1","male",65,0,0,26.55,"1","S","0","correct","0","correct"
"458","1","1","female",49.58,1,0,51.86,"1","S","1","correct","1","correct"
"459","1","2","female",50,0,0,10.5,"0","S","1","correct","1","correct"
"460","0","3","male",46.26,0,0,7.75,"0","Q","0","correct","0","correct"
"461","1","1","male",48,0,0,26.55,"1","S","0","incorrect","0","incorrect"
"462","0","3","male",34,0,0,8.05,"0","S","0","correct","0","correct"
"463","0","1","male",47,0,0,38.5,"1","S","0","correct","0","correct"
"464","0","2","male",48,0,0,13,"0","S","0","correct","0","correct"
"465","0","3","male",39.59,0,0,8.05,"0","S","0","correct","0","correct"
"466","0","3","male",38,0,0,7.05,"0","S","0","correct","0","correct"
"467","0","2","male",38.65,0,0,0,"0","S","0","correct","0","correct"
"468","0","1","male",56,0,0,26.55,"0","S","0","correct","0","correct"
"469","0","3","male",23.09,0,0,7.72,"0","Q","0","correct","0","correct"
"470","1","3","female",0.75,2,1,19.26,"0","C","1","correct","1","correct"
"471","0","3","male",37.69,0,0,7.25,"0","S","0","correct","0","correct"
"472","0","3","male",38,0,0,8.66,"0","S","0","correct","0","correct"
"473","1","2","female",33,1,2,27.75,"0","S","1","correct","1","correct"
"474","1","2","female",23,0,0,13.79,"1","C","1","correct","1","correct"
"475","0","3","female",22,0,0,9.84,"0","S","1","incorrect","1","incorrect"
"476","0","1","male",38.65,0,0,52,"1","S","0","correct","0","correct"
"477","0","2","male",34,1,0,21,"0","S","0","correct","0","correct"
"478","0","3","male",29,1,0,7.05,"0","S","0","correct","0","correct"
"479","0","3","male",22,0,0,7.52,"0","S","0","correct","0","correct"
"480","1","3","female",2,0,1,12.29,"0","S","1","correct","1","correct"
"481","0","3","male",9,5,2,46.9,"0","S","0","correct","0","correct"
"482","0","2","male",24.55,0,0,0,"0","S","0","correct","0","correct"
"483","0","3","male",50,0,0,8.05,"0","S","0","correct","0","correct"
"484","1","3","female",63,0,0,9.59,"0","S","0","incorrect","0","incorrect"
"485","1","1","male",25,1,0,91.08,"1","C","1","correct","1","correct"
"486","0","3","female",34.25,3,1,25.47,"0","S","0","correct","0","correct"
"487","1","1","female",35,1,0,90,"1","S","1","correct","1","correct"
"488","0","1","male",58,0,0,29.7,"1","C","0","correct","0","correct"
"489","0","3","male",30,0,0,8.05,"0","S","0","correct","0","correct"
"490","1","3","male",9,1,1,15.9,"0","S","0","incorrect","0","incorrect"
"491","0","3","male",70.54,1,0,19.97,"0","S","0","correct","0","correct"
"492","0","3","male",21,0,0,7.25,"0","S","0","correct","0","correct"
"493","0","1","male",55,0,0,30.5,"1","S","0","correct","0","correct"
"494","0","1","male",71,0,0,49.5,"0","C","0","correct","0","correct"
"495","0","3","male",21,0,0,8.05,"0","S","0","correct","0","correct"
"496","0","3","male",28.94,0,0,14.46,"0","C","0","correct","0","correct"
"497","1","1","female",54,1,0,78.27,"1","C","1","correct","1","correct"
"498","0","3","male",3.92,0,0,15.1,"0","S","0","correct","0","correct"
"499","0","1","female",25,1,2,151.55,"1","S","1","incorrect","1","incorrect"
"500","0","3","male",24,0,0,7.8,"0","S","0","correct","0","correct"
"501","0","3","male",17,0,0,8.66,"0","S","0","correct","0","correct"
"502","0","3","female",21,0,0,7.75,"0","Q","1","incorrect","1","incorrect"
"503","0","3","female",26.06,0,0,7.63,"0","Q","1","incorrect","1","incorrect"
"504","0","3","female",37,0,0,9.59,"0","S","1","incorrect","1","incorrect"
"505","1","1","female",16,0,0,86.5,"1","S","1","correct","1","correct"
"506","0","1","male",18,1,0,108.9,"1","C","1","incorrect","1","incorrect"
"507","1","2","female",33,0,2,26,"0","S","1","correct","1","correct"
"508","1","1","male",57.38,0,0,26.55,"0","S","0","incorrect","0","incorrect"
"509","0","3","male",28,0,0,22.52,"0","S","0","correct","0","correct"
"510","1","3","male",26,0,0,56.5,"0","S","0","incorrect","0","incorrect"
"511","1","3","male",29,0,0,7.75,"0","Q","0","incorrect","0","incorrect"
"512","0","3","male",34.6,0,0,8.05,"0","S","0","correct","0","correct"
"513","1","1","male",36,0,0,26.29,"1","S","0","incorrect","1","correct"
"514","1","1","female",54,1,0,59.4,"0","C","1","correct","1","correct"
"515","0","3","male",24,0,0,7.5,"0","S","0","correct","0","correct"
"516","0","1","male",47,0,0,34.02,"1","S","0","correct","0","correct"
"517","1","2","female",34,0,0,10.5,"1","S","1","correct","1","correct"
"518","0","3","male",52.88,0,0,24.15,"0","Q","0","correct","0","correct"
"519","1","2","female",36,1,0,26,"0","S","1","correct","1","correct"
"520","0","3","male",32,0,0,7.9,"0","S","0","correct","0","correct"
"521","1","1","female",30,0,0,93.5,"1","S","1","correct","1","correct"
"522","0","3","male",22,0,0,7.9,"0","S","0","correct","0","correct"
"523","0","3","male",27.15,0,0,7.22,"0","C","0","correct","0","correct"
"524","1","1","female",44,0,1,57.98,"1","C","1","correct","1","correct"
"525","0","3","male",20.91,0,0,7.23,"0","C","0","correct","0","correct"
"526","0","3","male",40.5,0,0,7.75,"0","Q","0","correct","0","correct"
"527","1","2","female",50,0,0,10.5,"0","S","1","correct","1","correct"
"528","0","1","male",56.68,0,0,221.78,"1","S","0","correct","0","correct"
"529","0","3","male",39,0,0,7.92,"0","S","0","correct","0","correct"
"530","0","2","male",23,2,1,11.5,"0","S","0","correct","0","correct"
"531","1","2","female",2,1,1,26,"0","S","1","correct","1","correct"
"532","0","3","male",3.12,0,0,7.23,"0","C","0","correct","0","correct"
"533","0","3","male",17,1,1,7.23,"0","C","0","correct","0","correct"
"534","1","3","female",18.72,0,2,22.36,"0","C","1","correct","1","correct"
"535","0","3","female",30,0,0,8.66,"0","S","1","incorrect","1","incorrect"
"536","1","2","female",7,0,2,26.25,"0","S","1","correct","1","correct"
"537","0","1","male",45,0,0,26.55,"1","S","0","correct","0","correct"
"538","1","1","female",30,0,0,106.42,"0","C","1","correct","1","correct"
"539","0","3","male",20.42,0,0,14.5,"0","S","0","correct","0","correct"
"540","1","1","female",22,0,2,49.5,"1","C","1","correct","1","correct"
"541","1","1","female",36,0,2,71,"1","S","1","correct","1","correct"
"542","0","3","female",9,4,2,31.27,"0","S","0","correct","1","incorrect"
"543","0","3","female",11,4,2,31.27,"0","S","0","correct","1","incorrect"
"544","1","2","male",32,1,0,26,"0","S","0","incorrect","0","incorrect"
"545","0","1","male",50,1,0,106.42,"1","C","0","correct","0","correct"
"546","0","1","male",64,0,0,26,"0","S","0","correct","0","correct"
"547","1","2","female",19,1,0,26,"0","S","1","correct","1","correct"
"548","1","2","male",28.28,0,0,13.86,"0","C","0","incorrect","0","incorrect"
"549","0","3","male",33,1,1,20.52,"0","S","0","correct","0","correct"
"550","1","2","male",8,1,1,36.75,"0","S","0","incorrect","0","incorrect"
"551","1","1","male",17,0,2,110.88,"1","C","1","correct","1","correct"
"552","0","2","male",27,0,0,26,"0","S","0","correct","0","correct"
"553","0","3","male",21.72,0,0,7.83,"0","Q","0","correct","0","correct"
"554","1","3","male",22,0,0,7.22,"0","C","0","incorrect","0","incorrect"
"555","1","3","female",22,0,0,7.78,"0","S","1","correct","1","correct"
"556","0","1","male",62,0,0,26.55,"0","S","0","correct","0","correct"
"557","1","1","female",48,1,0,39.6,"1","C","1","correct","1","correct"
"558","0","1","male",13.41,0,0,227.52,"0","C","1","incorrect","1","incorrect"
"559","1","1","female",39,1,1,79.65,"1","S","1","correct","1","correct"
"560","1","3","female",36,1,0,17.4,"0","S","0","incorrect","1","correct"
"561","0","3","male",42.01,0,0,7.75,"0","Q","0","correct","0","correct"
"562","0","3","male",40,0,0,7.9,"0","S","0","correct","0","correct"
"563","0","2","male",28,0,0,13.5,"0","S","0","correct","0","correct"
"564","0","3","male",45.9,0,0,8.05,"0","S","0","correct","0","correct"
"565","0","3","female",22.15,0,0,8.05,"0","S","1","incorrect","1","incorrect"
"566","0","3","male",24,2,0,24.15,"0","S","0","correct","0","correct"
"567","0","3","male",19,0,0,7.9,"0","S","0","correct","0","correct"
"568","0","3","female",29,0,4,21.08,"0","S","1","incorrect","1","incorrect"
"569","0","3","male",29.34,0,0,7.23,"0","C","0","correct","0","correct"
"570","1","3","male",32,0,0,7.85,"0","S","0","incorrect","0","incorrect"
"571","1","2","male",62,0,0,10.5,"0","S","0","incorrect","0","incorrect"
"572","1","1","female",53,2,0,51.48,"1","S","1","correct","1","correct"
"573","1","1","male",36,0,0,26.39,"1","S","0","incorrect","1","correct"
"574","1","3","female",14.67,0,0,7.75,"0","Q","1","correct","1","correct"
"575","0","3","male",16,0,0,8.05,"0","S","0","correct","0","correct"
"576","0","3","male",19,0,0,14.5,"0","S","0","correct","0","correct"
"577","1","2","female",34,0,0,13,"0","S","1","correct","1","correct"
"578","1","1","female",39,1,0,55.9,"1","S","1","correct","1","correct"
"579","0","3","female",36.46,1,0,14.46,"0","C","1","incorrect","1","incorrect"
"580","1","3","male",32,0,0,7.92,"0","S","0","incorrect","0","incorrect"
"581","1","2","female",25,1,1,30,"0","S","1","correct","1","correct"
"582","1","1","female",39,1,1,110.88,"1","C","1","correct","1","correct"
"583","0","2","male",54,0,0,26,"0","S","0","correct","0","correct"
"584","0","1","male",36,0,0,40.12,"1","C","1","incorrect","1","incorrect"
"585","0","3","male",27.44,0,0,8.71,"0","C","0","correct","0","correct"
"586","1","1","female",18,0,2,79.65,"1","S","1","correct","1","correct"
"587","0","2","male",47,0,0,15,"0","S","0","correct","0","correct"
"588","1","1","male",60,1,1,79.2,"1","C","0","incorrect","0","incorrect"
"589","0","3","male",22,0,0,8.05,"0","S","0","correct","0","correct"
"590","0","3","male",16.57,0,0,8.05,"0","S","0","correct","0","correct"
"591","0","3","male",35,0,0,7.12,"0","S","0","correct","0","correct"
"592","1","1","female",52,1,0,78.27,"1","C","1","correct","1","correct"
"593","0","3","male",47,0,0,7.25,"0","S","0","correct","0","correct"
"594","0","3","female",35.89,0,2,7.75,"0","Q","1","incorrect","1","incorrect"
"595","0","2","male",37,1,0,26,"0","S","0","correct","0","correct"
"596","0","3","male",36,1,1,24.15,"0","S","0","correct","0","correct"
"597","1","2","female",31.83,0,0,33,"0","S","1","correct","1","correct"
"598","0","3","male",49,0,0,0,"0","S","0","correct","0","correct"
"599","0","3","male",45.57,0,0,7.22,"0","C","0","correct","0","correct"
"600","1","1","male",49,1,0,56.93,"1","C","0","incorrect","0","incorrect"
"601","1","2","female",24,2,1,27,"0","S","1","correct","1","correct"
"602","0","3","male",36.23,0,0,7.9,"0","S","0","correct","0","correct"
"603","0","1","male",25.19,0,0,42.4,"0","S","0","correct","1","incorrect"
"604","0","3","male",44,0,0,8.05,"0","S","0","correct","0","correct"
"605","1","1","male",35,0,0,26.55,"0","C","1","correct","1","correct"
"606","0","3","male",36,1,0,15.55,"0","S","0","correct","0","correct"
"607","0","3","male",30,0,0,7.9,"0","S","0","correct","0","correct"
"608","1","1","male",27,0,0,30.5,"0","S","0","incorrect","1","correct"
"609","1","2","female",22,1,2,41.58,"0","C","1","correct","1","correct"
"610","1","1","female",40,0,0,153.46,"1","S","1","correct","1","correct"
"611","0","3","female",39,1,5,31.27,"0","S","0","correct","1","incorrect"
"612","0","3","male",51.58,0,0,7.05,"0","S","0","correct","0","correct"
"613","1","3","female",16.95,1,0,15.5,"0","Q","1","correct","1","correct"
"614","0","3","male",30.66,0,0,7.75,"0","Q","0","correct","0","correct"
"615","0","3","male",35,0,0,8.05,"0","S","0","correct","0","correct"
"616","1","2","female",24,1,2,65,"0","S","1","correct","1","correct"
"617","0","3","male",34,1,1,14.4,"0","S","0","correct","0","correct"
"618","0","3","female",26,1,0,16.1,"0","S","1","incorrect","1","incorrect"
"619","1","2","female",4,2,1,39,"1","S","1","correct","1","correct"
"620","0","2","male",26,0,0,10.5,"0","S","0","correct","0","correct"
"621","0","3","male",27,1,0,14.45,"0","C","0","correct","0","correct"
"622","1","1","male",42,1,0,52.55,"1","S","0","incorrect","0","incorrect"
"623","1","3","male",20,1,1,15.74,"0","C","0","incorrect","0","incorrect"
"624","0","3","male",21,0,0,7.85,"0","S","0","correct","0","correct"
"625","0","3","male",21,0,0,16.1,"0","S","0","correct","0","correct"
"626","0","1","male",61,0,0,32.32,"1","S","0","correct","0","correct"
"627","0","2","male",57,0,0,12.35,"0","Q","0","correct","0","correct"
"628","1","1","female",21,0,0,77.96,"1","S","1","correct","1","correct"
"629","0","3","male",26,0,0,7.9,"0","S","0","correct","0","correct"
"630","0","3","male",5.11,0,0,7.73,"0","Q","0","correct","0","correct"
"631","1","1","male",80,0,0,30,"1","S","0","incorrect","0","incorrect"
"632","0","3","male",51,0,0,7.05,"0","S","0","correct","0","correct"
"633","1","1","male",32,0,0,30.5,"1","C","1","correct","1","correct"
"634","0","1","male",21.94,0,0,0,"0","S","1","incorrect","1","incorrect"
"635","0","3","female",9,3,2,27.9,"0","S","1","incorrect","1","incorrect"
"636","1","2","female",28,0,0,13,"0","S","1","correct","1","correct"
"637","0","3","male",32,0,0,7.92,"0","S","0","correct","0","correct"
"638","0","2","male",31,1,1,26.25,"0","S","0","correct","0","correct"
"639","0","3","female",41,0,5,39.69,"0","S","1","incorrect","1","incorrect"
"640","0","3","male",43.73,1,0,16.1,"0","S","0","correct","0","correct"
"641","0","3","male",20,0,0,7.85,"0","S","0","correct","0","correct"
"642","1","1","female",24,0,0,69.3,"1","C","1","correct","1","correct"
"643","0","3","female",2,3,2,27.9,"0","S","1","incorrect","1","incorrect"
"644","1","3","male",38.65,0,0,56.5,"0","S","0","incorrect","0","incorrect"
"645","1","3","female",0.75,2,1,19.26,"0","C","1","correct","1","correct"
"646","1","1","male",48,1,0,76.73,"1","C","0","incorrect","0","incorrect"
"647","0","3","male",19,0,0,7.9,"0","S","0","correct","0","correct"
"648","1","1","male",56,0,0,35.5,"1","C","0","incorrect","0","incorrect"
"649","0","3","male",18.98,0,0,7.55,"0","S","0","correct","0","correct"
"650","1","3","female",23,0,0,7.55,"0","S","1","correct","1","correct"
"651","0","3","male",51.12,0,0,7.9,"0","S","0","correct","0","correct"
"652","1","2","female",18,0,1,23,"0","S","1","correct","1","correct"
"653","0","3","male",21,0,0,8.43,"0","S","0","correct","0","correct"
"654","1","3","female",43.86,0,0,7.83,"0","Q","1","correct","1","correct"
"655","0","3","female",18,0,0,6.75,"0","Q","1","incorrect","1","incorrect"
"656","0","2","male",24,2,0,73.5,"0","S","0","correct","0","correct"
"657","0","3","male",15.28,0,0,7.9,"0","S","0","correct","0","correct"
"658","0","3","female",32,1,1,15.5,"0","Q","1","incorrect","1","incorrect"
"659","0","2","male",23,0,0,13,"0","S","0","correct","0","correct"
"660","0","1","male",58,0,2,113.28,"1","C","0","correct","0","correct"
"661","1","1","male",50,2,0,133.65,"0","S","0","incorrect","0","incorrect"
"662","0","3","male",40,0,0,7.22,"0","C","0","correct","0","correct"
"663","0","1","male",47,0,0,25.59,"1","S","0","correct","0","correct"
"664","0","3","male",36,0,0,7.5,"0","S","0","correct","0","correct"
"665","1","3","male",20,1,0,7.92,"0","S","0","incorrect","0","incorrect"
"666","0","2","male",32,2,0,73.5,"0","S","0","correct","0","correct"
"667","0","2","male",25,0,0,13,"0","S","0","correct","0","correct"
"668","0","3","male",70.54,0,0,7.78,"0","S","0","correct","0","correct"
"669","0","3","male",43,0,0,8.05,"0","S","0","correct","0","correct"
"670","1","1","female",53.44,1,0,52,"1","S","1","correct","1","correct"
"671","1","2","female",40,1,1,39,"0","S","1","correct","1","correct"
"672","0","1","male",31,1,0,52,"1","S","0","correct","0","correct"
"673","0","2","male",70,0,0,10.5,"0","S","0","correct","0","correct"
"674","1","2","male",31,0,0,13,"0","S","0","incorrect","0","incorrect"
"675","0","2","male",3.92,0,0,0,"0","S","0","correct","0","correct"
"676","0","3","male",18,0,0,7.78,"0","S","0","correct","0","correct"
"677","0","3","male",24.5,0,0,8.05,"0","S","0","correct","0","correct"
"678","1","3","female",18,0,0,9.84,"0","S","1","correct","1","correct"
"679","0","3","female",43,1,6,46.9,"0","S","0","correct","1","incorrect"
"680","1","1","male",36,0,1,512.33,"1","C","1","correct","1","correct"
"681","0","3","female",29.92,0,0,8.14,"0","Q","1","incorrect","1","incorrect"
"682","1","1","male",27,0,0,76.73,"1","C","1","correct","1","correct"
"683","0","3","male",20,0,0,9.22,"0","S","0","correct","0","correct"
"684","0","3","male",14,5,2,46.9,"0","S","0","correct","0","correct"
"685","0","2","male",60,1,1,39,"0","S","0","correct","0","correct"
"686","0","2","male",25,1,2,41.58,"0","C","0","correct","0","correct"
"687","0","3","male",14,4,1,39.69,"0","S","0","correct","0","correct"
"688","0","3","male",19,0,0,10.17,"0","S","0","correct","0","correct"
"689","0","3","male",18,0,0,7.8,"0","S","0","correct","0","correct"
"690","1","1","female",15,0,1,211.34,"1","S","1","correct","1","correct"
"691","1","1","male",31,1,0,57,"1","S","0","incorrect","0","incorrect"
"692","1","3","female",4,0,1,13.42,"0","C","1","correct","1","correct"
"693","1","3","male",28.63,0,0,56.5,"0","S","0","incorrect","0","incorrect"
"694","0","3","male",25,0,0,7.22,"0","C","0","correct","0","correct"
"695","0","1","male",60,0,0,26.55,"0","S","0","correct","0","correct"
"696","0","2","male",52,0,0,13.5,"0","S","0","correct","0","correct"
"697","0","3","male",44,0,0,8.05,"0","S","0","correct","0","correct"
"698","1","3","female",36.83,0,0,7.73,"0","Q","1","correct","1","correct"
"699","0","1","male",49,1,1,110.88,"1","C","0","correct","0","correct"
"700","0","3","male",42,0,0,7.65,"1","S","0","correct","0","correct"
"701","1","1","female",18,1,0,227.52,"1","C","1","correct","1","correct"
"702","1","1","male",35,0,0,26.29,"1","S","0","incorrect","1","correct"
"703","0","3","female",18,0,1,14.45,"0","C","1","incorrect","1","incorrect"
"704","0","3","male",25,0,0,7.74,"0","Q","0","correct","0","correct"
"705","0","3","male",26,1,0,7.85,"0","S","0","correct","0","correct"
"706","0","2","male",39,0,0,26,"0","S","0","correct","0","correct"
"707","1","2","female",45,0,0,13.5,"0","S","1","correct","1","correct"
"708","1","1","male",42,0,0,26.29,"1","S","0","incorrect","0","incorrect"
"709","1","1","female",22,0,0,151.55,"0","S","1","correct","1","correct"
"710","1","3","male",16.16,1,1,15.25,"0","C","0","incorrect","0","incorrect"
"711","1","1","female",24,0,0,49.5,"1","C","1","correct","1","correct"
"712","0","1","male",14.34,0,0,26.55,"1","S","1","incorrect","1","incorrect"
"713","1","1","male",48,1,0,52,"1","S","0","incorrect","0","incorrect"
"714","0","3","male",29,0,0,9.48,"0","S","0","correct","0","correct"
"715","0","2","male",52,0,0,13,"0","S","0","correct","0","correct"
"716","0","3","male",19,0,0,7.65,"1","S","0","correct","0","correct"
"717","1","1","female",38,0,0,227.52,"1","C","1","correct","1","correct"
"718","1","2","female",27,0,0,10.5,"1","S","1","correct","1","correct"
"719","0","3","male",47.33,0,0,15.5,"0","Q","0","correct","0","correct"
"720","0","3","male",33,0,0,7.78,"0","S","0","correct","0","correct"
"721","1","2","female",6,0,1,33,"0","S","1","correct","1","correct"
"722","0","3","male",17,1,0,7.05,"0","S","0","correct","0","correct"
"723","0","2","male",34,0,0,13,"0","S","0","correct","0","correct"
"724","0","2","male",50,0,0,13,"0","S","0","correct","0","correct"
"725","1","1","male",27,1,0,53.1,"1","S","0","incorrect","1","correct"
"726","0","3","male",20,0,0,8.66,"0","S","0","correct","0","correct"
"727","1","2","female",30,3,0,21,"0","S","1","correct","1","correct"
"728","1","3","female",39.59,0,0,7.74,"0","Q","1","correct","1","correct"
"729","0","2","male",25,1,0,26,"0","S","0","correct","0","correct"
"730","0","3","female",25,1,0,7.92,"0","S","1","incorrect","1","incorrect"
"731","1","1","female",29,0,0,211.34,"1","S","1","correct","1","correct"
"732","0","3","male",11,0,0,18.79,"0","C","0","correct","0","correct"
"733","0","2","male",43.01,0,0,0,"0","S","0","correct","0","correct"
"734","0","2","male",23,0,0,13,"0","S","0","correct","0","correct"
"735","0","2","male",23,0,0,13,"0","S","0","correct","0","correct"
"736","0","3","male",28.5,0,0,16.1,"0","S","0","correct","0","correct"
"737","0","3","female",48,1,3,34.38,"0","S","0","correct","0","correct"
"738","1","1","male",35,0,0,512.33,"1","C","1","correct","1","correct"
"739","0","3","male",53.4,0,0,7.9,"0","S","0","correct","0","correct"
"740","0","3","male",14.46,0,0,7.9,"0","S","0","correct","0","correct"
"741","1","1","male",45.9,0,0,30,"1","S","0","incorrect","0","incorrect"
"742","0","1","male",36,1,0,78.85,"1","S","0","correct","0","correct"
"743","1","1","female",21,2,2,262.38,"1","C","1","correct","1","correct"
"744","0","3","male",24,1,0,16.1,"0","S","0","correct","0","correct"
"745","1","3","male",31,0,0,7.92,"0","S","0","incorrect","0","incorrect"
"746","0","1","male",70,1,1,71,"1","S","0","correct","0","correct"
"747","0","3","male",16,1,1,20.25,"0","S","0","correct","0","correct"
"748","1","2","female",30,0,0,13,"0","S","1","correct","1","correct"
"749","0","1","male",19,1,0,53.1,"1","S","0","correct","1","incorrect"
"750","0","3","male",31,0,0,7.75,"0","Q","0","correct","0","correct"
"751","1","2","female",4,1,1,23,"0","S","1","correct","1","correct"
"752","1","3","male",6,0,1,12.47,"1","S","0","incorrect","0","incorrect"
"753","0","3","male",33,0,0,9.5,"0","S","0","correct","0","correct"
"754","0","3","male",23,0,0,7.9,"0","S","0","correct","0","correct"
"755","1","2","female",48,1,2,65,"0","S","1","correct","1","correct"
"756","1","2","male",0.67,1,1,14.5,"0","S","0","incorrect","0","incorrect"
"757","0","3","male",28,0,0,7.8,"0","S","0","correct","0","correct"
"758","0","2","male",18,0,0,11.5,"0","S","0","correct","0","correct"
"759","0","3","male",34,0,0,8.05,"0","S","0","correct","0","correct"
"760","1","1","female",33,0,0,86.5,"1","S","1","correct","1","correct"
"761","0","3","male",13.8,0,0,14.5,"0","S","0","correct","0","correct"
"762","0","3","male",41,0,0,7.12,"0","S","0","correct","0","correct"
"763","1","3","male",20,0,0,7.23,"0","C","0","incorrect","0","incorrect"
"764","1","1","female",36,1,2,120,"1","S","1","correct","1","correct"
"765","0","3","male",16,0,0,7.78,"0","S","0","correct","0","correct"
"766","1","1","female",51,1,0,77.96,"1","S","1","correct","1","correct"
"767","0","1","male",16.57,0,0,39.6,"0","C","1","incorrect","1","incorrect"
"768","0","3","female",30.5,0,0,7.75,"0","Q","1","incorrect","1","incorrect"
"769","0","3","male",8.93,1,0,24.15,"0","Q","0","correct","0","correct"
"770","0","3","male",32,0,0,8.36,"0","S","0","correct","0","correct"
"771","0","3","male",24,0,0,9.5,"0","S","0","correct","0","correct"
"772","0","3","male",48,0,0,7.85,"0","S","0","correct","0","correct"
"773","0","2","female",57,0,0,10.5,"1","S","1","incorrect","1","incorrect"
"774","0","3","male",31.83,0,0,7.22,"0","C","0","correct","0","correct"
"775","1","2","female",54,1,3,23,"0","S","1","correct","1","correct"
"776","0","3","male",18,0,0,7.75,"0","S","0","correct","0","correct"
"777","0","3","male",40.66,0,0,7.75,"1","Q","0","correct","0","correct"
"778","1","3","female",5,0,0,12.47,"0","S","1","correct","1","correct"
"779","0","3","male",36.23,0,0,7.74,"0","Q","0","correct","0","correct"
"780","1","1","female",43,0,1,211.34,"1","S","1","correct","1","correct"
"781","1","3","female",13,0,0,7.23,"0","C","1","correct","1","correct"
"782","1","1","female",17,1,0,57,"1","S","1","correct","1","correct"
"783","0","1","male",29,0,0,30,"1","S","0","correct","1","incorrect"
"784","0","3","male",39.07,1,2,23.45,"0","S","0","correct","0","correct"
"785","0","3","male",25,0,0,7.05,"0","S","0","correct","0","correct"
"786","0","3","male",25,0,0,7.25,"0","S","0","correct","0","correct"
"787","1","3","female",18,0,0,7.5,"0","S","1","correct","1","correct"
"788","0","3","male",8,4,1,29.12,"0","Q","0","correct","0","correct"
"789","1","3","male",1,1,2,20.58,"0","S","0","incorrect","0","incorrect"
"790","0","1","male",46,0,0,79.2,"1","C","0","correct","1","incorrect"
"791","0","3","male",30.66,0,0,7.75,"0","Q","0","correct","0","correct"
"792","0","2","male",16,0,0,26,"0","S","0","correct","0","correct"
"793","0","3","female",55.31,8,2,69.55,"0","S","0","correct","0","correct"
"794","0","1","male",4.64,0,0,30.7,"0","C","1","incorrect","1","incorrect"
"795","0","3","male",25,0,0,7.9,"0","S","0","correct","0","correct"
"796","0","2","male",39,0,0,13,"0","S","0","correct","0","correct"
"797","1","1","female",49,0,0,25.93,"1","S","1","correct","1","correct"
"798","1","3","female",31,0,0,8.68,"0","S","1","correct","1","correct"
"799","0","3","male",30,0,0,7.23,"0","C","0","correct","0","correct"
"800","0","3","female",30,1,1,24.15,"0","S","1","incorrect","1","incorrect"
"801","0","2","male",34,0,0,13,"0","S","0","correct","0","correct"
"802","1","2","female",31,1,1,26.25,"0","S","1","correct","1","correct"
"803","1","1","male",11,1,2,120,"1","S","1","correct","1","correct"
"804","1","3","male",0.42,0,1,8.52,"0","C","0","incorrect","0","incorrect"
"805","1","3","male",27,0,0,6.97,"0","S","0","incorrect","0","incorrect"
"806","0","3","male",31,0,0,7.78,"0","S","0","correct","0","correct"
"807","0","1","male",39,0,0,0,"1","S","0","correct","0","correct"
"808","0","3","female",18,0,0,7.78,"0","S","1","incorrect","1","incorrect"
"809","0","2","male",39,0,0,13,"0","S","0","correct","0","correct"
"810","1","1","female",33,1,0,53.1,"1","S","1","correct","1","correct"
"811","0","3","male",26,0,0,7.89,"0","S","0","correct","0","correct"
"812","0","3","male",39,0,0,24.15,"0","S","0","correct","0","correct"
"813","0","2","male",35,0,0,10.5,"0","S","0","correct","0","correct"
"814","0","3","female",6,4,2,31.27,"0","S","0","correct","1","incorrect"
"815","0","3","male",30.5,0,0,8.05,"0","S","0","correct","0","correct"
"816","0","1","male",38.13,0,0,0,"1","S","0","correct","0","correct"
"817","0","3","female",23,0,0,7.92,"0","S","1","incorrect","1","incorrect"
"818","0","2","male",31,1,1,37,"0","C","0","correct","0","correct"
"819","0","3","male",43,0,0,6.45,"0","S","0","correct","0","correct"
"820","0","3","male",10,3,2,27.9,"0","S","0","correct","0","correct"
"821","1","1","female",52,1,1,93.5,"1","S","1","correct","1","correct"
"822","1","3","male",27,0,0,8.66,"0","S","0","incorrect","0","incorrect"
"823","0","1","male",38,0,0,0,"0","S","0","correct","0","correct"
"824","1","3","female",27,0,1,12.47,"1","S","1","correct","1","correct"
"825","0","3","male",2,4,1,39.69,"0","S","0","correct","0","correct"
"826","0","3","male",18.98,0,0,6.95,"0","Q","0","correct","0","correct"
"827","0","3","male",45.84,0,0,56.5,"0","S","0","correct","0","correct"
"828","1","2","male",1,0,2,37,"0","C","1","correct","1","correct"
"829","1","3","male",46.19,0,0,7.75,"0","Q","0","incorrect","0","incorrect"
"830","1","1","female",62,0,0,80,"1","S","1","correct","1","correct"
"831","1","3","female",15,1,0,14.45,"0","C","1","correct","1","correct"
"832","1","2","male",0.83,1,1,18.75,"0","S","0","incorrect","0","incorrect"
"833","0","3","male",28.27,0,0,7.23,"0","C","0","correct","0","correct"
"834","0","3","male",23,0,0,7.85,"0","S","0","correct","0","correct"
"835","0","3","male",18,0,0,8.3,"0","S","0","correct","0","correct"
"836","1","1","female",39,1,1,83.16,"1","C","1","correct","1","correct"
"837","0","3","male",21,0,0,8.66,"0","S","0","correct","0","correct"
"838","0","3","male",43.76,0,0,8.05,"0","S","0","correct","0","correct"
"839","1","3","male",32,0,0,56.5,"0","S","0","incorrect","0","incorrect"
"840","1","1","male",34.25,0,0,29.7,"1","C","1","correct","1","correct"
"841","0","3","male",20,0,0,7.92,"0","S","0","correct","0","correct"
"842","0","2","male",16,0,0,10.5,"0","S","0","correct","0","correct"
"843","1","1","female",30,0,0,31,"0","C","1","correct","1","correct"
"844","0","3","male",34.5,0,0,6.44,"0","C","0","correct","0","correct"
"845","0","3","male",17,0,0,8.66,"0","S","0","correct","0","correct"
"846","0","3","male",42,0,0,7.55,"0","S","0","correct","0","correct"
"847","0","3","male",53.44,8,2,69.55,"0","S","0","correct","0","correct"
"848","0","3","male",35,0,0,7.9,"0","C","0","correct","0","correct"
"849","0","2","male",28,0,1,33,"0","S","0","correct","0","correct"
"850","1","1","female",28.94,1,0,89.1,"1","C","1","correct","1","correct"
"851","0","3","male",4,4,2,31.27,"0","S","0","correct","0","correct"
"852","0","3","male",74,0,0,7.78,"0","S","0","correct","0","correct"
"853","0","3","female",9,1,1,15.25,"0","C","1","incorrect","1","incorrect"
"854","1","1","female",16,0,1,39.4,"1","S","1","correct","1","correct"
"855","0","2","female",44,1,0,26,"0","S","1","incorrect","1","incorrect"
"856","1","3","female",18,0,1,9.35,"0","S","1","correct","1","correct"
"857","1","1","female",45,1,1,164.87,"0","S","1","correct","1","correct"
"858","1","1","male",51,0,0,26.55,"1","S","0","incorrect","0","incorrect"
"859","1","3","female",24,0,3,19.26,"0","C","1","correct","1","correct"
"860","0","3","male",63.03,0,0,7.23,"0","C","0","correct","0","correct"
"861","0","3","male",41,2,0,14.11,"0","S","0","correct","0","correct"
"862","0","2","male",21,1,0,11.5,"0","S","0","correct","0","correct"
"863","1","1","female",48,0,0,25.93,"1","S","1","correct","1","correct"
"864","0","3","female",49.42,8,2,69.55,"0","S","0","correct","0","correct"
"865","0","2","male",24,0,0,13,"0","S","0","correct","0","correct"
"866","1","2","female",42,0,0,13,"0","S","1","correct","1","correct"
"867","1","2","female",27,1,0,13.86,"0","C","1","correct","1","correct"
"868","0","1","male",31,0,0,50.5,"1","S","0","correct","1","incorrect"
"869","0","3","male",35.48,0,0,9.5,"0","S","0","correct","0","correct"
"870","1","3","male",4,1,1,11.13,"0","S","0","incorrect","0","incorrect"
"871","0","3","male",26,0,0,7.9,"0","S","0","correct","0","correct"
"872","1","1","female",47,1,1,52.55,"1","S","1","correct","1","correct"
"873","0","1","male",33,0,0,5,"1","S","0","correct","1","incorrect"
"874","0","3","male",47,0,0,9,"0","S","0","correct","0","correct"
"875","1","2","female",28,1,0,24,"0","C","1","correct","1","correct"
"876","1","3","female",15,0,0,7.22,"0","C","1","correct","1","correct"
"877","0","3","male",20,0,0,9.85,"0","S","0","correct","0","correct"
"878","0","3","male",19,0,0,7.9,"0","S","0","correct","0","correct"
"879","0","3","male",20.91,0,0,7.9,"0","S","0","correct","0","correct"
"880","1","1","female",56,0,1,83.16,"1","C","1","correct","1","correct"
"881","1","2","female",25,0,1,26,"0","S","1","correct","1","correct"
"882","0","3","male",33,0,0,7.9,"0","S","0","correct","0","correct"
"883","0","3","female",22,0,0,10.52,"0","S","1","incorrect","1","incorrect"
"884","0","2","male",28,0,0,10.5,"0","S","0","correct","0","correct"
"885","0","3","male",25,0,0,7.05,"0","S","0","correct","0","correct"
"886","0","3","female",39,0,5,29.12,"0","Q","1","incorrect","1","incorrect"
"887","0","2","male",27,0,0,13,"0","S","0","correct","0","correct"
"888","1","1","female",19,0,0,30,"1","S","1","correct","1","correct"
"889","0","3","female",14.34,1,2,23.45,"0","S","1","incorrect","1","incorrect"
"890","1","1","male",26,0,0,30,"1","C","1","correct","1","correct"
"891","0","3","male",32,0,0,7.75,"0","Q","0","correct","0","correct"
